drug_id;drug_name;atc_class;drug_class;targets;enzymes;transporters;pathways;side_effects;half_life_hours
DRUG_001;Atorvastatin;C10AA;HMG-CoA Reductase Inhibitor;HMG-CoA reductase (HMGCR);CYP3A4;"OATP1B1; BCRP";Cholesterol biosynthesis pathway;"Myalgia; Rhabdomyolysis; Increased liver enzymes; Headache";14.0
DRUG_002;Simvastatin;C10AA;HMG-CoA Reductase Inhibitor;HMG-CoA reductase (HMGCR);CYP3A4;"OATP1B1; BCRP";Cholesterol biosynthesis pathway;"Myalgia; Rhabdomyolysis; Increased liver enzymes; Headache";3.0
DRUG_003;Lovastatin;C10AA;HMG-CoA Reductase Inhibitor;HMG-CoA reductase (HMGCR);CYP3A4;"OATP1B1; BCRP";Cholesterol biosynthesis pathway;"Myalgia; Rhabdomyolysis; Increased liver enzymes; Headache";3.5
DRUG_004;Pravastatin;C10AA;HMG-CoA Reductase Inhibitor;HMG-CoA reductase (HMGCR);CYP3A4;"OATP1B1; BCRP";Cholesterol biosynthesis pathway;"Myalgia; Rhabdomyolysis; Increased liver enzymes; Headache";2.0
DRUG_005;Rosuvastatin;C10AA;HMG-CoA Reductase Inhibitor;HMG-CoA reductase (HMGCR);CYP3A4;"OATP1B1; BCRP";Cholesterol biosynthesis pathway;"Myalgia; Rhabdomyolysis; Increased liver enzymes; Headache";19.0
DRUG_006;Pitavastatin;C10AA;HMG-CoA Reductase Inhibitor;HMG-CoA reductase (HMGCR);CYP3A4;"OATP1B1; BCRP";Cholesterol biosynthesis pathway;"Myalgia; Rhabdomyolysis; Increased liver enzymes; Headache";12.0
DRUG_007;Fluvastatin;C10AA;HMG-CoA Reductase Inhibitor;HMG-CoA reductase (HMGCR);CYP3A4;"OATP1B1; BCRP";Cholesterol biosynthesis pathway;"Myalgia; Rhabdomyolysis; Increased liver enzymes; Headache";1.2
DRUG_008;Lisinopril;C09AA;ACE Inhibitor;Angiotensin-converting enzyme (ACE);Not significantly metabolized by CYP (renal elimination);"PEPT1; PEPT2";Renin-angiotensin-aldosterone system (RAAS);"Dry cough; Hyperkalemia; Angioedema; Hypotension";12.0
DRUG_009;Enalapril;C09AA;ACE Inhibitor;Angiotensin-converting enzyme (ACE);Not significantly metabolized by CYP (renal elimination);"PEPT1; PEPT2";Renin-angiotensin-aldosterone system (RAAS);"Dry cough; Hyperkalemia; Angioedema; Hypotension";11.0
DRUG_010;Ramipril;C09AA;ACE Inhibitor;Angiotensin-converting enzyme (ACE);Not significantly metabolized by CYP (renal elimination);"PEPT1; PEPT2";Renin-angiotensin-aldosterone system (RAAS);"Dry cough; Hyperkalemia; Angioedema; Hypotension";15.0
DRUG_011;Captopril;C09AA;ACE Inhibitor;Angiotensin-converting enzyme (ACE);Not significantly metabolized by CYP (renal elimination);"PEPT1; PEPT2";Renin-angiotensin-aldosterone system (RAAS);"Dry cough; Hyperkalemia; Angioedema; Hypotension";2.0
DRUG_012;Benazepril;C09AA;ACE Inhibitor;Angiotensin-converting enzyme (ACE);Not significantly metabolized by CYP (renal elimination);"PEPT1; PEPT2";Renin-angiotensin-aldosterone system (RAAS);"Dry cough; Hyperkalemia; Angioedema; Hypotension";11.0
DRUG_013;Quinapril;C09AA;ACE Inhibitor;Angiotensin-converting enzyme (ACE);Not significantly metabolized by CYP (renal elimination);"PEPT1; PEPT2";Renin-angiotensin-aldosterone system (RAAS);"Dry cough; Hyperkalemia; Angioedema; Hypotension";2.0
DRUG_014;Perindopril;C09AA;ACE Inhibitor;Angiotensin-converting enzyme (ACE);Not significantly metabolized by CYP (renal elimination);"PEPT1; PEPT2";Renin-angiotensin-aldosterone system (RAAS);"Dry cough; Hyperkalemia; Angioedema; Hypotension";30.0
DRUG_015;Fosinopril;C09AA;ACE Inhibitor;Angiotensin-converting enzyme (ACE);Not significantly metabolized by CYP (renal elimination);"PEPT1; PEPT2";Renin-angiotensin-aldosterone system (RAAS);"Dry cough; Hyperkalemia; Angioedema; Hypotension";12.0
DRUG_016;Trandolapril;C09AA;ACE Inhibitor;Angiotensin-converting enzyme (ACE);Not significantly metabolized by CYP (renal elimination);"PEPT1; PEPT2";Renin-angiotensin-aldosterone system (RAAS);"Dry cough; Hyperkalemia; Angioedema; Hypotension";10.0
DRUG_017;Moexipril;C09AA;ACE Inhibitor;Angiotensin-converting enzyme (ACE);Not significantly metabolized by CYP (renal elimination);"PEPT1; PEPT2";Renin-angiotensin-aldosterone system (RAAS);"Dry cough; Hyperkalemia; Angioedema; Hypotension";10.0
DRUG_018;Omeprazole;A02BC;Proton Pump Inhibitor;H+/K+-ATPase;"CYP2C19; CYP3A4";P-glycoprotein (P-gp);Gastric acid secretion pathway;"Hypomagnesemia; Clostridium difficile-associated diarrhea; Headache; Osteoporosis risk";1.0
DRUG_019;Esomeprazole;A02BC;Proton Pump Inhibitor;H+/K+-ATPase;"CYP2C19; CYP3A4";P-glycoprotein (P-gp);Gastric acid secretion pathway;"Hypomagnesemia; Clostridium difficile-associated diarrhea; Headache; Osteoporosis risk";1.5
DRUG_020;Lansoprazole;A02BC;Proton Pump Inhibitor;H+/K+-ATPase;"CYP2C19; CYP3A4";P-glycoprotein (P-gp);Gastric acid secretion pathway;"Hypomagnesemia; Clostridium difficile-associated diarrhea; Headache; Osteoporosis risk";1.5
DRUG_021;Pantoprazole;A02BC;Proton Pump Inhibitor;H+/K+-ATPase;"CYP2C19; CYP3A4";P-glycoprotein (P-gp);Gastric acid secretion pathway;"Hypomagnesemia; Clostridium difficile-associated diarrhea; Headache; Osteoporosis risk";1.0
DRUG_022;Rabeprazole;A02BC;Proton Pump Inhibitor;H+/K+-ATPase;"CYP2C19; CYP3A4";P-glycoprotein (P-gp);Gastric acid secretion pathway;"Hypomagnesemia; Clostridium difficile-associated diarrhea; Headache; Osteoporosis risk";1.5
DRUG_023;Dexlansoprazole;A02BC;Proton Pump Inhibitor;H+/K+-ATPase;"CYP2C19; CYP3A4";P-glycoprotein (P-gp);Gastric acid secretion pathway;"Hypomagnesemia; Clostridium difficile-associated diarrhea; Headache; Osteoporosis risk";1.5
DRUG_024;Metoprolol;C07AA/C07AB;Beta-Adrenergic Blocker;"Beta-1 adrenergic receptor; Beta-2 adrenergic receptor";CYP2D6;P-glycoprotein (P-gp);Adrenergic signaling pathway;"Bradycardia; Fatigue; Bronchospasm; Insomnia; Cold extremities";4.0
DRUG_025;Atenolol;C07AA/C07AB;Beta-Adrenergic Blocker;"Beta-1 adrenergic receptor; Beta-2 adrenergic receptor";CYP2D6;P-glycoprotein (P-gp);Adrenergic signaling pathway;"Bradycardia; Fatigue; Bronchospasm; Insomnia; Cold extremities";7.0
DRUG_026;Propranolol;C07AA/C07AB;Beta-Adrenergic Blocker;"Beta-1 adrenergic receptor; Beta-2 adrenergic receptor";CYP2D6;P-glycoprotein (P-gp);Adrenergic signaling pathway;"Bradycardia; Fatigue; Bronchospasm; Insomnia; Cold extremities";4.5
DRUG_027;Carvedilol;C07AA/C07AB;Beta-Adrenergic Blocker;"Beta-1 adrenergic receptor; Beta-2 adrenergic receptor";CYP2D6;P-glycoprotein (P-gp);Adrenergic signaling pathway;"Bradycardia; Fatigue; Bronchospasm; Insomnia; Cold extremities";8.0
DRUG_028;Bisoprolol;C07AA/C07AB;Beta-Adrenergic Blocker;"Beta-1 adrenergic receptor; Beta-2 adrenergic receptor";CYP2D6;P-glycoprotein (P-gp);Adrenergic signaling pathway;"Bradycardia; Fatigue; Bronchospasm; Insomnia; Cold extremities";10.0
DRUG_029;Nebivolol;C07AA/C07AB;Beta-Adrenergic Blocker;"Beta-1 adrenergic receptor; Beta-2 adrenergic receptor";CYP2D6;P-glycoprotein (P-gp);Adrenergic signaling pathway;"Bradycardia; Fatigue; Bronchospasm; Insomnia; Cold extremities";12.0
DRUG_030;Labetalol;C07AA/C07AB;Beta-Adrenergic Blocker;"Beta-1 adrenergic receptor; Beta-2 adrenergic receptor";CYP2D6;P-glycoprotein (P-gp);Adrenergic signaling pathway;"Bradycardia; Fatigue; Bronchospasm; Insomnia; Cold extremities";6.0
DRUG_031;Nadolol;C07AA/C07AB;Beta-Adrenergic Blocker;"Beta-1 adrenergic receptor; Beta-2 adrenergic receptor";CYP2D6;P-glycoprotein (P-gp);Adrenergic signaling pathway;"Bradycardia; Fatigue; Bronchospasm; Insomnia; Cold extremities";22.0
DRUG_032;Esmolol;C07AA/C07AB;Beta-Adrenergic Blocker;"Beta-1 adrenergic receptor; Beta-2 adrenergic receptor";CYP2D6;P-glycoprotein (P-gp);Adrenergic signaling pathway;"Bradycardia; Fatigue; Bronchospasm; Insomnia; Cold extremities";0.15
DRUG_033;Timolol;C07AA/C07AB;Beta-Adrenergic Blocker;"Beta-1 adrenergic receptor; Beta-2 adrenergic receptor";CYP2D6;P-glycoprotein (P-gp);Adrenergic signaling pathway;"Bradycardia; Fatigue; Bronchospasm; Insomnia; Cold extremities";4.0
DRUG_034;Amlodipine;C08CA/C08D/C08E;Calcium Channel Blocker;L-type voltage-gated calcium channel (CACNA1C);CYP3A4;P-glycoprotein (P-gp);Calcium signaling pathway;"Peripheral edema; Dizziness; Flushing; Headache; Bradycardia (non-DHPs)";40.0
DRUG_035;Nifedipine;C08CA/C08D/C08E;Calcium Channel Blocker;L-type voltage-gated calcium channel (CACNA1C);CYP3A4;P-glycoprotein (P-gp);Calcium signaling pathway;"Peripheral edema; Dizziness; Flushing; Headache; Bradycardia (non-DHPs)";4.0
DRUG_036;Diltiazem;C08CA/C08D/C08E;Calcium Channel Blocker;L-type voltage-gated calcium channel (CACNA1C);CYP3A4;P-glycoprotein (P-gp);Calcium signaling pathway;"Peripheral edema; Dizziness; Flushing; Headache; Bradycardia (non-DHPs)";4.0
DRUG_037;Verapamil;C08CA/C08D/C08E;Calcium Channel Blocker;L-type voltage-gated calcium channel (CACNA1C);CYP3A4;P-glycoprotein (P-gp);Calcium signaling pathway;"Peripheral edema; Dizziness; Flushing; Headache; Bradycardia (non-DHPs)";6.0
DRUG_038;Felodipine;C08CA/C08D/C08E;Calcium Channel Blocker;L-type voltage-gated calcium channel (CACNA1C);CYP3A4;P-glycoprotein (P-gp);Calcium signaling pathway;"Peripheral edema; Dizziness; Flushing; Headache; Bradycardia (non-DHPs)";12.0
DRUG_039;Isradipine;C08CA/C08D/C08E;Calcium Channel Blocker;L-type voltage-gated calcium channel (CACNA1C);CYP3A4;P-glycoprotein (P-gp);Calcium signaling pathway;"Peripheral edema; Dizziness; Flushing; Headache; Bradycardia (non-DHPs)";8.0
DRUG_040;Nicardipine;C08CA/C08D/C08E;Calcium Channel Blocker;L-type voltage-gated calcium channel (CACNA1C);CYP3A4;P-glycoprotein (P-gp);Calcium signaling pathway;"Peripheral edema; Dizziness; Flushing; Headache; Bradycardia (non-DHPs)";8.0
DRUG_041;Nisoldipine;C08CA/C08D/C08E;Calcium Channel Blocker;L-type voltage-gated calcium channel (CACNA1C);CYP3A4;P-glycoprotein (P-gp);Calcium signaling pathway;"Peripheral edema; Dizziness; Flushing; Headache; Bradycardia (non-DHPs)";10.0
DRUG_042;Clevidipine;C08CA/C08D/C08E;Calcium Channel Blocker;L-type voltage-gated calcium channel (CACNA1C);CYP3A4;P-glycoprotein (P-gp);Calcium signaling pathway;"Peripheral edema; Dizziness; Flushing; Headache; Bradycardia (non-DHPs)";0.25
DRUG_043;Nimodipine;C08CA/C08D/C08E;Calcium Channel Blocker;L-type voltage-gated calcium channel (CACNA1C);CYP3A4;P-glycoprotein (P-gp);Calcium signaling pathway;"Peripheral edema; Dizziness; Flushing; Headache; Bradycardia (non-DHPs)";2.0
DRUG_044;Fluoxetine;N06AB;Selective Serotonin Reuptake Inhibitor;Serotonin transporter (SERT);"CYP2D6; CYP2C19";P-glycoprotein (P-gp);Serotonergic neurotransmission pathway;"Nausea; Sexual dysfunction; Insomnia; Serotonin syndrome; Weight changes";96.0
DRUG_045;Sertraline;N06AB;Selective Serotonin Reuptake Inhibitor;Serotonin transporter (SERT);"CYP2D6; CYP2C19";P-glycoprotein (P-gp);Serotonergic neurotransmission pathway;"Nausea; Sexual dysfunction; Insomnia; Serotonin syndrome; Weight changes";26.0
DRUG_046;Paroxetine;N06AB;Selective Serotonin Reuptake Inhibitor;Serotonin transporter (SERT);"CYP2D6; CYP2C19";P-glycoprotein (P-gp);Serotonergic neurotransmission pathway;"Nausea; Sexual dysfunction; Insomnia; Serotonin syndrome; Weight changes";21.0
DRUG_047;Citalopram;N06AB;Selective Serotonin Reuptake Inhibitor;Serotonin transporter (SERT);"CYP2D6; CYP2C19";P-glycoprotein (P-gp);Serotonergic neurotransmission pathway;"Nausea; Sexual dysfunction; Insomnia; Serotonin syndrome; Weight changes";35.0
DRUG_048;Escitalopram;N06AB;Selective Serotonin Reuptake Inhibitor;Serotonin transporter (SERT);"CYP2D6; CYP2C19";P-glycoprotein (P-gp);Serotonergic neurotransmission pathway;"Nausea; Sexual dysfunction; Insomnia; Serotonin syndrome; Weight changes";30.0
DRUG_049;Fluvoxamine;N06AB;Selective Serotonin Reuptake Inhibitor;Serotonin transporter (SERT);"CYP2D6; CYP2C19";P-glycoprotein (P-gp);Serotonergic neurotransmission pathway;"Nausea; Sexual dysfunction; Insomnia; Serotonin syndrome; Weight changes";15.0
DRUG_050;Ciprofloxacin;J01MA;Fluoroquinolone Antibiotic;"DNA gyrase; Topoisomerase IV";CYP1A2 (inhibitor);"MATE1; OAT3";Bacterial DNA replication;"Tendon rupture; QTc prolongation; Aortic aneurysm risk; Dysglycemia";4.0
DRUG_051;Levofloxacin;J01MA;Fluoroquinolone Antibiotic;"DNA gyrase; Topoisomerase IV";CYP1A2 (inhibitor);"MATE1; OAT3";Bacterial DNA replication;"Tendon rupture; QTc prolongation; Aortic aneurysm risk; Dysglycemia";7.0
DRUG_052;Moxifloxacin;J01MA;Fluoroquinolone Antibiotic;"DNA gyrase; Topoisomerase IV";CYP1A2 (inhibitor);"MATE1; OAT3";Bacterial DNA replication;"Tendon rupture; QTc prolongation; Aortic aneurysm risk; Dysglycemia";12.0
DRUG_053;Ofloxacin;J01MA;Fluoroquinolone Antibiotic;"DNA gyrase; Topoisomerase IV";CYP1A2 (inhibitor);"MATE1; OAT3";Bacterial DNA replication;"Tendon rupture; QTc prolongation; Aortic aneurysm risk; Dysglycemia";6.0
DRUG_054;Gemifloxacin;J01MA;Fluoroquinolone Antibiotic;"DNA gyrase; Topoisomerase IV";CYP1A2 (inhibitor);"MATE1; OAT3";Bacterial DNA replication;"Tendon rupture; QTc prolongation; Aortic aneurysm risk; Dysglycemia";7.0
DRUG_055;Norfloxacin;J01MA;Fluoroquinolone Antibiotic;"DNA gyrase; Topoisomerase IV";CYP1A2 (inhibitor);"MATE1; OAT3";Bacterial DNA replication;"Tendon rupture; QTc prolongation; Aortic aneurysm risk; Dysglycemia";4.0
DRUG_056;Delafloxacin;J01MA;Fluoroquinolone Antibiotic;"DNA gyrase; Topoisomerase IV";CYP1A2 (inhibitor);"MATE1; OAT3";Bacterial DNA replication;"Tendon rupture; QTc prolongation; Aortic aneurysm risk; Dysglycemia";8.0
DRUG_057;Metformin;A10BA;Biguanide Antidiabetic;AMP-activated protein kinase (AMPK);Not metabolized;"OCT1; OCT2; MATE1; MATE2-K";"AMPK signaling; Gluconeogenesis inhibition";"Diarrhea; Nausea; Lactic acidosis (rare); Vitamin B12 deficiency";5.0
DRUG_058;Glipizide;A10BB;Sulfonylurea;Sulfonylurea receptor 1 (SUR1 / ABCC8);CYP2C9;OATP1B1;Insulin secretion pathway;"Hypoglycemia; Weight gain; Hypersensitivity reactions";4.0
DRUG_059;Glimepiride;A10BB;Sulfonylurea;Sulfonylurea receptor 1 (SUR1 / ABCC8);CYP2C9;OATP1B1;Insulin secretion pathway;"Hypoglycemia; Weight gain; Hypersensitivity reactions";7.0
DRUG_060;Glyburide;A10BB;Sulfonylurea;Sulfonylurea receptor 1 (SUR1 / ABCC8);CYP2C9;OATP1B1;Insulin secretion pathway;"Hypoglycemia; Weight gain; Hypersensitivity reactions";10.0
DRUG_061;Gliclazide;A10BB;Sulfonylurea;Sulfonylurea receptor 1 (SUR1 / ABCC8);CYP2C9;OATP1B1;Insulin secretion pathway;"Hypoglycemia; Weight gain; Hypersensitivity reactions";10.0
DRUG_062;Chlorpropamide;A10BB;Sulfonylurea;Sulfonylurea receptor 1 (SUR1 / ABCC8);CYP2C9;OATP1B1;Insulin secretion pathway;"Hypoglycemia; Weight gain; Hypersensitivity reactions";35.0
DRUG_063;Tolbutamide;A10BB;Sulfonylurea;Sulfonylurea receptor 1 (SUR1 / ABCC8);CYP2C9;OATP1B1;Insulin secretion pathway;"Hypoglycemia; Weight gain; Hypersensitivity reactions";7.0
DRUG_064;Ibuprofen;M01AE/M01AH;Nonsteroidal Anti-inflammatory Drug;"Cyclooxygenase-1 (COX-1); Cyclooxygenase-2 (COX-2)";"CYP2C9; CYP2C8";"OAT1; OAT3";Arachidonic acid metabolism / Prostaglandin synthesis;"Gastric ulceration; Nephrotoxicity; Cardiovascular risk; Fluid retention";2.0
DRUG_065;Naproxen;M01AE/M01AH;Nonsteroidal Anti-inflammatory Drug;"Cyclooxygenase-1 (COX-1); Cyclooxygenase-2 (COX-2)";"CYP2C9; CYP2C8";"OAT1; OAT3";Arachidonic acid metabolism / Prostaglandin synthesis;"Gastric ulceration; Nephrotoxicity; Cardiovascular risk; Fluid retention";14.0
DRUG_066;Celecoxib;M01AE/M01AH;Nonsteroidal Anti-inflammatory Drug;"Cyclooxygenase-1 (COX-1); Cyclooxygenase-2 (COX-2)";"CYP2C9; CYP2C8";"OAT1; OAT3";Arachidonic acid metabolism / Prostaglandin synthesis;"Gastric ulceration; Nephrotoxicity; Cardiovascular risk; Fluid retention";11.0
DRUG_067;Diclofenac;M01AE/M01AH;Nonsteroidal Anti-inflammatory Drug;"Cyclooxygenase-1 (COX-1); Cyclooxygenase-2 (COX-2)";"CYP2C9; CYP2C8";"OAT1; OAT3";Arachidonic acid metabolism / Prostaglandin synthesis;"Gastric ulceration; Nephrotoxicity; Cardiovascular risk; Fluid retention";2.0
DRUG_068;Meloxicam;M01AE/M01AH;Nonsteroidal Anti-inflammatory Drug;"Cyclooxygenase-1 (COX-1); Cyclooxygenase-2 (COX-2)";"CYP2C9; CYP2C8";"OAT1; OAT3";Arachidonic acid metabolism / Prostaglandin synthesis;"Gastric ulceration; Nephrotoxicity; Cardiovascular risk; Fluid retention";20.0
DRUG_069;Indomethacin;M01AE/M01AH;Nonsteroidal Anti-inflammatory Drug;"Cyclooxygenase-1 (COX-1); Cyclooxygenase-2 (COX-2)";"CYP2C9; CYP2C8";"OAT1; OAT3";Arachidonic acid metabolism / Prostaglandin synthesis;"Gastric ulceration; Nephrotoxicity; Cardiovascular risk; Fluid retention";4.5
DRUG_070;Ketorolac;M01AE/M01AH;Nonsteroidal Anti-inflammatory Drug;"Cyclooxygenase-1 (COX-1); Cyclooxygenase-2 (COX-2)";"CYP2C9; CYP2C8";"OAT1; OAT3";Arachidonic acid metabolism / Prostaglandin synthesis;"Gastric ulceration; Nephrotoxicity; Cardiovascular risk; Fluid retention";5.0
DRUG_071;Piroxicam;M01AE/M01AH;Nonsteroidal Anti-inflammatory Drug;"Cyclooxygenase-1 (COX-1); Cyclooxygenase-2 (COX-2)";"CYP2C9; CYP2C8";"OAT1; OAT3";Arachidonic acid metabolism / Prostaglandin synthesis;"Gastric ulceration; Nephrotoxicity; Cardiovascular risk; Fluid retention";50.0
DRUG_072;Nabumetone;M01AE/M01AH;Nonsteroidal Anti-inflammatory Drug;"Cyclooxygenase-1 (COX-1); Cyclooxygenase-2 (COX-2)";"CYP2C9; CYP2C8";"OAT1; OAT3";Arachidonic acid metabolism / Prostaglandin synthesis;"Gastric ulceration; Nephrotoxicity; Cardiovascular risk; Fluid retention";24.0
DRUG_073;Etodolac;M01AE/M01AH;Nonsteroidal Anti-inflammatory Drug;"Cyclooxygenase-1 (COX-1); Cyclooxygenase-2 (COX-2)";"CYP2C9; CYP2C8";"OAT1; OAT3";Arachidonic acid metabolism / Prostaglandin synthesis;"Gastric ulceration; Nephrotoxicity; Cardiovascular risk; Fluid retention";7.0
DRUG_074;Losartan;C09CA;Angiotensin II Receptor Blocker;Angiotensin II receptor type 1 (AT1);"CYP2C9; CYP3A4";"OATP1B1; BCRP";Renin-angiotensin-aldosterone system (RAAS);"Hyperkalemia; Dizziness; Hypotension; Renal impairment";2.0
DRUG_075;Valsartan;C09CA;Angiotensin II Receptor Blocker;Angiotensin II receptor type 1 (AT1);"CYP2C9; CYP3A4";"OATP1B1; BCRP";Renin-angiotensin-aldosterone system (RAAS);"Hyperkalemia; Dizziness; Hypotension; Renal impairment";6.0
DRUG_076;Olmesartan;C09CA;Angiotensin II Receptor Blocker;Angiotensin II receptor type 1 (AT1);"CYP2C9; CYP3A4";"OATP1B1; BCRP";Renin-angiotensin-aldosterone system (RAAS);"Hyperkalemia; Dizziness; Hypotension; Renal impairment";13.0
DRUG_077;Candethartan;C09CA;Angiotensin II Receptor Blocker;Angiotensin II receptor type 1 (AT1);"CYP2C9; CYP3A4";"OATP1B1; BCRP";Renin-angiotensin-aldosterone system (RAAS);"Hyperkalemia; Dizziness; Hypotension; Renal impairment";9.0
DRUG_078;Irbesartan;C09CA;Angiotensin II Receptor Blocker;Angiotensin II receptor type 1 (AT1);"CYP2C9; CYP3A4";"OATP1B1; BCRP";Renin-angiotensin-aldosterone system (RAAS);"Hyperkalemia; Dizziness; Hypotension; Renal impairment";13.0
DRUG_079;Telmisartan;C09CA;Angiotensin II Receptor Blocker;Angiotensin II receptor type 1 (AT1);"CYP2C9; CYP3A4";"OATP1B1; BCRP";Renin-angiotensin-aldosterone system (RAAS);"Hyperkalemia; Dizziness; Hypotension; Renal impairment";24.0
DRUG_080;Eprosartan;C09CA;Angiotensin II Receptor Blocker;Angiotensin II receptor type 1 (AT1);"CYP2C9; CYP3A4";"OATP1B1; BCRP";Renin-angiotensin-aldosterone system (RAAS);"Hyperkalemia; Dizziness; Hypotension; Renal impairment";7.0
DRUG_081;Azilsartan;C09CA;Angiotensin II Receptor Blocker;Angiotensin II receptor type 1 (AT1);"CYP2C9; CYP3A4";"OATP1B1; BCRP";Renin-angiotensin-aldosterone system (RAAS);"Hyperkalemia; Dizziness; Hypotension; Renal impairment";11.0
DRUG_082;Canagliflozin;A10BK;SGLT2 Inhibitor;Sodium-glucose cotransporter 2 (SGLT2 / SLC5A2);"UGT1A9; UGT2B7";"P-glycoprotein (P-gp); BCRP";Renal glucose reabsorption pathway;"Genitourinary tract infections; Euglycemic diabetic ketoacidosis; Polyuria";12.0
DRUG_083;Dapagliflozin;A10BK;SGLT2 Inhibitor;Sodium-glucose cotransporter 2 (SGLT2 / SLC5A2);"UGT1A9; UGT2B7";"P-glycoprotein (P-gp); BCRP";Renal glucose reabsorption pathway;"Genitourinary tract infections; Euglycemic diabetic ketoacidosis; Polyuria";13.0
DRUG_084;Empagliflozin;A10BK;SGLT2 Inhibitor;Sodium-glucose cotransporter 2 (SGLT2 / SLC5A2);"UGT1A9; UGT2B7";"P-glycoprotein (P-gp); BCRP";Renal glucose reabsorption pathway;"Genitourinary tract infections; Euglycemic diabetic ketoacidosis; Polyuria";12.0
DRUG_085;Ertugliflozin;A10BK;SGLT2 Inhibitor;Sodium-glucose cotransporter 2 (SGLT2 / SLC5A2);"UGT1A9; UGT2B7";"P-glycoprotein (P-gp); BCRP";Renal glucose reabsorption pathway;"Genitourinary tract infections; Euglycemic diabetic ketoacidosis; Polyuria";17.0
DRUG_086;Sotagliflozin;A10BK;SGLT2 Inhibitor;Sodium-glucose cotransporter 2 (SGLT2 / SLC5A2);"UGT1A9; UGT2B7";"P-glycoprotein (P-gp); BCRP";Renal glucose reabsorption pathway;"Genitourinary tract infections; Euglycemic diabetic ketoacidosis; Polyuria";15.0
DRUG_087;Rivaroxaban;B01AF/B01AA;Anticoagulant;"Coagulation Factor Xa; Vitamin K epoxide reductase (VKORC1)";"CYP3A4; CYP2C9";"P-glycoprotein (P-gp); BCRP";Coagulation cascade;"Bleeding; Hemorrhage; Thrombocytopenia; Hematoma";7.0
DRUG_088;Apixaban;B01AF/B01AA;Anticoagulant;"Coagulation Factor Xa; Vitamin K epoxide reductase (VKORC1)";"CYP3A4; CYP2C9";"P-glycoprotein (P-gp); BCRP";Coagulation cascade;"Bleeding; Hemorrhage; Thrombocytopenia; Hematoma";12.0
DRUG_089;Edoxaban;B01AF/B01AA;Anticoagulant;"Coagulation Factor Xa; Vitamin K epoxide reductase (VKORC1)";"CYP3A4; CYP2C9";"P-glycoprotein (P-gp); BCRP";Coagulation cascade;"Bleeding; Hemorrhage; Thrombocytopenia; Hematoma";12.0
DRUG_090;Warfarin;B01AF/B01AA;Anticoagulant;"Coagulation Factor Xa; Vitamin K epoxide reductase (VKORC1)";"CYP3A4; CYP2C9";"P-glycoprotein (P-gp); BCRP";Coagulation cascade;"Bleeding; Hemorrhage; Thrombocytopenia; Hematoma";40.0
DRUG_091;Dabigatran;B01AF/B01AA;Anticoagulant;"Coagulation Factor Xa; Vitamin K epoxide reductase (VKORC1)";"CYP3A4; CYP2C9";"P-glycoprotein (P-gp); BCRP";Coagulation cascade;"Bleeding; Hemorrhage; Thrombocytopenia; Hematoma";13.0
DRUG_092;Fondaparinux;B01AF/B01AA;Anticoagulant;"Coagulation Factor Xa; Vitamin K epoxide reductase (VKORC1)";"CYP3A4; CYP2C9";"P-glycoprotein (P-gp); BCRP";Coagulation cascade;"Bleeding; Hemorrhage; Thrombocytopenia; Hematoma";17.0
DRUG_093;Fluconazole;J02AC;Azole Antifungal;Lanosterol 14-alpha-demethylase (CYP51);"CYP3A4 (inhibitor); CYP2C19 (inhibitor)";P-glycoprotein (P-gp);Ergosterol biosynthesis pathway;"Hepatotoxicity; QTc prolongation; Visual disturbances (voriconazole); Nausea";30.0
DRUG_094;Ketoconazole;J02AC;Azole Antifungal;Lanosterol 14-alpha-demethylase (CYP51);"CYP3A4 (inhibitor); CYP2C19 (inhibitor)";P-glycoprotein (P-gp);Ergosterol biosynthesis pathway;"Hepatotoxicity; QTc prolongation; Visual disturbances (voriconazole); Nausea";8.0
DRUG_095;Itraconazole;J02AC;Azole Antifungal;Lanosterol 14-alpha-demethylase (CYP51);"CYP3A4 (inhibitor); CYP2C19 (inhibitor)";P-glycoprotein (P-gp);Ergosterol biosynthesis pathway;"Hepatotoxicity; QTc prolongation; Visual disturbances (voriconazole); Nausea";21.0
DRUG_096;Voriconazole;J02AC;Azole Antifungal;Lanosterol 14-alpha-demethylase (CYP51);"CYP3A4 (inhibitor); CYP2C19 (inhibitor)";P-glycoprotein (P-gp);Ergosterol biosynthesis pathway;"Hepatotoxicity; QTc prolongation; Visual disturbances (voriconazole); Nausea";6.0
DRUG_097;Posaconazole;J02AC;Azole Antifungal;Lanosterol 14-alpha-demethylase (CYP51);"CYP3A4 (inhibitor); CYP2C19 (inhibitor)";P-glycoprotein (P-gp);Ergosterol biosynthesis pathway;"Hepatotoxicity; QTc prolongation; Visual disturbances (voriconazole); Nausea";35.0
DRUG_098;Isavuconazole;J02AC;Azole Antifungal;Lanosterol 14-alpha-demethylase (CYP51);"CYP3A4 (inhibitor); CYP2C19 (inhibitor)";P-glycoprotein (P-gp);Ergosterol biosynthesis pathway;"Hepatotoxicity; QTc prolongation; Visual disturbances (voriconazole); Nausea";130.0
DRUG_099;Alendronate;M05BA;Bisphosphonate;Farnesyl pyrophosphate synthase (FPPS);Not metabolized;Not fully characterized (renal excretion);Mevalonate pathway / Osteoclast apoptosis;"Osteonecrosis of the jaw; Esophagitis; Atypical femur fractures; Hypocalcemia";120.0
DRUG_100;Risedronate;M05BA;Bisphosphonate;Farnesyl pyrophosphate synthase (FPPS);Not metabolized;Not fully characterized (renal excretion);Mevalonate pathway / Osteoclast apoptosis;"Osteonecrosis of the jaw; Esophagitis; Atypical femur fractures; Hypocalcemia";1.5
DRUG_101;Ibandronate;M05BA;Bisphosphonate;Farnesyl pyrophosphate synthase (FPPS);Not metabolized;Not fully characterized (renal excretion);Mevalonate pathway / Osteoclast apoptosis;"Osteonecrosis of the jaw; Esophagitis; Atypical femur fractures; Hypocalcemia";60.0
DRUG_102;Zoledronic acid;M05BA;Bisphosphonate;Farnesyl pyrophosphate synthase (FPPS);Not metabolized;Not fully characterized (renal excretion);Mevalonate pathway / Osteoclast apoptosis;"Osteonecrosis of the jaw; Esophagitis; Atypical femur fractures; Hypocalcemia";146.0
DRUG_103;Pamidronate;M05BA;Bisphosphonate;Farnesyl pyrophosphate synthase (FPPS);Not metabolized;Not fully characterized (renal excretion);Mevalonate pathway / Osteoclast apoptosis;"Osteonecrosis of the jaw; Esophagitis; Atypical femur fractures; Hypocalcemia";27.0
DRUG_104;Etidronate;M05BA;Bisphosphonate;Farnesyl pyrophosphate synthase (FPPS);Not metabolized;Not fully characterized (renal excretion);Mevalonate pathway / Osteoclast apoptosis;"Osteonecrosis of the jaw; Esophagitis; Atypical femur fractures; Hypocalcemia";6.0
DRUG_105;Azithromycin;J01FA;Macrolide Antibiotic;50S ribosomal subunit (23S rRNA);CYP3A4 (inhibitor);P-glycoprotein (P-gp);Bacterial protein synthesis;"Gastrointestinal distress; QTc prolongation; Hepatotoxicity; Ototoxicity";68.0
DRUG_106;Clarithromycin;J01FA;Macrolide Antibiotic;50S ribosomal subunit (23S rRNA);CYP3A4 (inhibitor);P-glycoprotein (P-gp);Bacterial protein synthesis;"Gastrointestinal distress; QTc prolongation; Hepatotoxicity; Ototoxicity";5.0
DRUG_107;Erythromycin;J01FA;Macrolide Antibiotic;50S ribosomal subunit (23S rRNA);CYP3A4 (inhibitor);P-glycoprotein (P-gp);Bacterial protein synthesis;"Gastrointestinal distress; QTc prolongation; Hepatotoxicity; Ototoxicity";1.5
DRUG_108;Telithromycin;J01FA;Macrolide Antibiotic;50S ribosomal subunit (23S rRNA);CYP3A4 (inhibitor);P-glycoprotein (P-gp);Bacterial protein synthesis;"Gastrointestinal distress; QTc prolongation; Hepatotoxicity; Ototoxicity";10.0
DRUG_109;Fidaxomicin;J01FA;Macrolide Antibiotic;50S ribosomal subunit (23S rRNA);CYP3A4 (inhibitor);P-glycoprotein (P-gp);Bacterial protein synthesis;"Gastrointestinal distress; QTc prolongation; Hepatotoxicity; Ototoxicity";12.0
DRUG_110;Sumatriptan;N02CC;Triptan (5-HT1B/1D Agonist);"5-HT1B receptor; 5-HT1D receptor";"MAO-A; CYP1A2";P-glycoprotein (P-gp);Serotonergic vasoconstriction / Trigeminal inhibition;"Chest tightness; Paresthesia; Dizziness; Flushing; Medication overuse headache";2.5
DRUG_111;Rizatriptan;N02CC;Triptan (5-HT1B/1D Agonist);"5-HT1B receptor; 5-HT1D receptor";"MAO-A; CYP1A2";P-glycoprotein (P-gp);Serotonergic vasoconstriction / Trigeminal inhibition;"Chest tightness; Paresthesia; Dizziness; Flushing; Medication overuse headache";2.0
DRUG_112;Zolmitriptan;N02CC;Triptan (5-HT1B/1D Agonist);"5-HT1B receptor; 5-HT1D receptor";"MAO-A; CYP1A2";P-glycoprotein (P-gp);Serotonergic vasoconstriction / Trigeminal inhibition;"Chest tightness; Paresthesia; Dizziness; Flushing; Medication overuse headache";3.0
DRUG_113;Eletriptan;N02CC;Triptan (5-HT1B/1D Agonist);"5-HT1B receptor; 5-HT1D receptor";"MAO-A; CYP1A2";P-glycoprotein (P-gp);Serotonergic vasoconstriction / Trigeminal inhibition;"Chest tightness; Paresthesia; Dizziness; Flushing; Medication overuse headache";4.0
DRUG_114;Almotriptan;N02CC;Triptan (5-HT1B/1D Agonist);"5-HT1B receptor; 5-HT1D receptor";"MAO-A; CYP1A2";P-glycoprotein (P-gp);Serotonergic vasoconstriction / Trigeminal inhibition;"Chest tightness; Paresthesia; Dizziness; Flushing; Medication overuse headache";3.5
DRUG_115;Frovatriptan;N02CC;Triptan (5-HT1B/1D Agonist);"5-HT1B receptor; 5-HT1D receptor";"MAO-A; CYP1A2";P-glycoprotein (P-gp);Serotonergic vasoconstriction / Trigeminal inhibition;"Chest tightness; Paresthesia; Dizziness; Flushing; Medication overuse headache";26.0
DRUG_116;Naratriptan;N02CC;Triptan (5-HT1B/1D Agonist);"5-HT1B receptor; 5-HT1D receptor";"MAO-A; CYP1A2";P-glycoprotein (P-gp);Serotonergic vasoconstriction / Trigeminal inhibition;"Chest tightness; Paresthesia; Dizziness; Flushing; Medication overuse headache";6.0
DRUG_117;Ritonavir;J05AE;HIV Protease Inhibitor;HIV-1 protease;CYP3A4 (strong inhibitor);"P-glycoprotein (P-gp); MRP2";Viral polyprotein processing;"Lipodystrophy; Hyperlipidemia; Insulin resistance; Hepatotoxicity; GI distress";4.0
DRUG_118;Darunavir;J05AE;HIV Protease Inhibitor;HIV-1 protease;CYP3A4 (strong inhibitor);"P-glycoprotein (P-gp); MRP2";Viral polyprotein processing;"Lipodystrophy; Hyperlipidemia; Insulin resistance; Hepatotoxicity; GI distress";15.0
DRUG_119;Atazanavir;J05AE;HIV Protease Inhibitor;HIV-1 protease;CYP3A4 (strong inhibitor);"P-glycoprotein (P-gp); MRP2";Viral polyprotein processing;"Lipodystrophy; Hyperlipidemia; Insulin resistance; Hepatotoxicity; GI distress";7.0
DRUG_120;Lopinavir;J05AE;HIV Protease Inhibitor;HIV-1 protease;CYP3A4 (strong inhibitor);"P-glycoprotein (P-gp); MRP2";Viral polyprotein processing;"Lipodystrophy; Hyperlipidemia; Insulin resistance; Hepatotoxicity; GI distress";5.0
DRUG_121;Saquinavir;J05AE;HIV Protease Inhibitor;HIV-1 protease;CYP3A4 (strong inhibitor);"P-glycoprotein (P-gp); MRP2";Viral polyprotein processing;"Lipodystrophy; Hyperlipidemia; Insulin resistance; Hepatotoxicity; GI distress";12.0
DRUG_122;Nelfinavir;J05AE;HIV Protease Inhibitor;HIV-1 protease;CYP3A4 (strong inhibitor);"P-glycoprotein (P-gp); MRP2";Viral polyprotein processing;"Lipodystrophy; Hyperlipidemia; Insulin resistance; Hepatotoxicity; GI distress";4.0
DRUG_123;Tipranavir;J05AE;HIV Protease Inhibitor;HIV-1 protease;CYP3A4 (strong inhibitor);"P-glycoprotein (P-gp); MRP2";Viral polyprotein processing;"Lipodystrophy; Hyperlipidemia; Insulin resistance; Hepatotoxicity; GI distress";6.0
DRUG_124;Indinavir;J05AE;HIV Protease Inhibitor;HIV-1 protease;CYP3A4 (strong inhibitor);"P-glycoprotein (P-gp); MRP2";Viral polyprotein processing;"Lipodystrophy; Hyperlipidemia; Insulin resistance; Hepatotoxicity; GI distress";1.8
DRUG_125;Phenytoin;N03AA/N03AF;Anticonvulsant;Voltage-gated sodium channel (SCN1A/SCN5A);"CYP2C9; CYP2C19; CYP3A4";P-glycoprotein (P-gp);Neuronal excitability pathway;"Stevens-Johnson syndrome; Dizziness; Ataxia; Nystagmus; Leucopenia";24.0
DRUG_126;Carbamazepine;N03AA/N03AF;Anticonvulsant;Voltage-gated sodium channel (SCN1A/SCN5A);"CYP2C9; CYP2C19; CYP3A4";P-glycoprotein (P-gp);Neuronal excitability pathway;"Stevens-Johnson syndrome; Dizziness; Ataxia; Nystagmus; Leucopenia";15.0
DRUG_127;Oxcarbazepine;N03AA/N03AF;Anticonvulsant;Voltage-gated sodium channel (SCN1A/SCN5A);"CYP2C9; CYP2C19; CYP3A4";P-glycoprotein (P-gp);Neuronal excitability pathway;"Stevens-Johnson syndrome; Dizziness; Ataxia; Nystagmus; Leucopenia";9.0
DRUG_128;Lamotrigine;N03AA/N03AF;Anticonvulsant;Voltage-gated sodium channel (SCN1A/SCN5A);"CYP2C9; CYP2C19; CYP3A4";P-glycoprotein (P-gp);Neuronal excitability pathway;"Stevens-Johnson syndrome; Dizziness; Ataxia; Nystagmus; Leucopenia";29.0
DRUG_129;Valproate;N03AA/N03AF;Anticonvulsant;Voltage-gated sodium channel (SCN1A/SCN5A);"CYP2C9; CYP2C19; CYP3A4";P-glycoprotein (P-gp);Neuronal excitability pathway;"Stevens-Johnson syndrome; Dizziness; Ataxia; Nystagmus; Leucopenia";12.0
DRUG_130;Zonisamide;N03AA/N03AF;Anticonvulsant;Voltage-gated sodium channel (SCN1A/SCN5A);"CYP2C9; CYP2C19; CYP3A4";P-glycoprotein (P-gp);Neuronal excitability pathway;"Stevens-Johnson syndrome; Dizziness; Ataxia; Nystagmus; Leucopenia";63.0
DRUG_131;Lacosamide;N03AA/N03AF;Anticonvulsant;Voltage-gated sodium channel (SCN1A/SCN5A);"CYP2C9; CYP2C19; CYP3A4";P-glycoprotein (P-gp);Neuronal excitability pathway;"Stevens-Johnson syndrome; Dizziness; Ataxia; Nystagmus; Leucopenia";13.0
DRUG_132;Topiramate;N03AA/N03AF;Anticonvulsant;Voltage-gated sodium channel (SCN1A/SCN5A);"CYP2C9; CYP2C19; CYP3A4";P-glycoprotein (P-gp);Neuronal excitability pathway;"Stevens-Johnson syndrome; Dizziness; Ataxia; Nystagmus; Leucopenia";21.0
DRUG_133;Tamsulosin;G04CA/C02CA;Alpha-1 Adrenergic Antagonist;"Alpha-1A adrenergic receptor; Alpha-1D adrenergic receptor";"CYP3A4; CYP2D6";P-glycoprotein (P-gp);Smooth muscle relaxation pathway;"Orthostatic hypotension; Intraoperative floppy iris syndrome; Dizziness; Retrograde ejaculation";10.0
DRUG_134;Alfuzosin;G04CA/C02CA;Alpha-1 Adrenergic Antagonist;"Alpha-1A adrenergic receptor; Alpha-1D adrenergic receptor";"CYP3A4; CYP2D6";P-glycoprotein (P-gp);Smooth muscle relaxation pathway;"Orthostatic hypotension; Intraoperative floppy iris syndrome; Dizziness; Retrograde ejaculation";10.0
DRUG_135;Doxazosin;G04CA/C02CA;Alpha-1 Adrenergic Antagonist;"Alpha-1A adrenergic receptor; Alpha-1D adrenergic receptor";"CYP3A4; CYP2D6";P-glycoprotein (P-gp);Smooth muscle relaxation pathway;"Orthostatic hypotension; Intraoperative floppy iris syndrome; Dizziness; Retrograde ejaculation";22.0
DRUG_136;Prazosin;G04CA/C02CA;Alpha-1 Adrenergic Antagonist;"Alpha-1A adrenergic receptor; Alpha-1D adrenergic receptor";"CYP3A4; CYP2D6";P-glycoprotein (P-gp);Smooth muscle relaxation pathway;"Orthostatic hypotension; Intraoperative floppy iris syndrome; Dizziness; Retrograde ejaculation";3.0
DRUG_137;Terazosin;G04CA/C02CA;Alpha-1 Adrenergic Antagonist;"Alpha-1A adrenergic receptor; Alpha-1D adrenergic receptor";"CYP3A4; CYP2D6";P-glycoprotein (P-gp);Smooth muscle relaxation pathway;"Orthostatic hypotension; Intraoperative floppy iris syndrome; Dizziness; Retrograde ejaculation";12.0
DRUG_138;Silodosin;G04CA/C02CA;Alpha-1 Adrenergic Antagonist;"Alpha-1A adrenergic receptor; Alpha-1D adrenergic receptor";"CYP3A4; CYP2D6";P-glycoprotein (P-gp);Smooth muscle relaxation pathway;"Orthostatic hypotension; Intraoperative floppy iris syndrome; Dizziness; Retrograde ejaculation";13.0
DRUG_139;Famotidine;A02BA;H2 Receptor Antagonist;Histamine H2 receptor;CYP2D6 (minor);"OCT2; MATE1";Gastric acid secretion pathway;"Headache; Gynecomastia (cimetidine only); Dizziness";3.0
DRUG_140;Ranitidine;A02BA;H2 Receptor Antagonist;Histamine H2 receptor;CYP2D6 (minor);"OCT2; MATE1";Gastric acid secretion pathway;"Headache; Gynecomastia (cimetidine only); Dizziness";2.5
DRUG_141;Cimetidine;A02BA;H2 Receptor Antagonist;Histamine H2 receptor;CYP2D6 (minor);"OCT2; MATE1";Gastric acid secretion pathway;"Headache; Gynecomastia (cimetidine only); Dizziness";2.0
DRUG_142;Nizatidine;A02BA;H2 Receptor Antagonist;Histamine H2 receptor;CYP2D6 (minor);"OCT2; MATE1";Gastric acid secretion pathway;"Headache; Gynecomastia (cimetidine only); Dizziness";1.5
DRUG_143;Prednisone;H02AB;Corticosteroid;Glucocorticoid receptor;CYP3A4;P-glycoprotein (P-gp);Glucocorticoid receptor signaling pathway;"Hyperglycemia; Osteoporosis; Immunosuppression; Weight gain; Cushings features";3.5
DRUG_144;Methylprednisolone;H02AB;Corticosteroid;Glucocorticoid receptor;CYP3A4;P-glycoprotein (P-gp);Glucocorticoid receptor signaling pathway;"Hyperglycemia; Osteoporosis; Immunosuppression; Weight gain; Cushings features";3.0
DRUG_145;Dexamethasone;H02AB;Corticosteroid;Glucocorticoid receptor;CYP3A4;P-glycoprotein (P-gp);Glucocorticoid receptor signaling pathway;"Hyperglycemia; Osteoporosis; Immunosuppression; Weight gain; Cushings features";40.0
DRUG_146;Hydrocortisone;H02AB;Corticosteroid;Glucocorticoid receptor;CYP3A4;P-glycoprotein (P-gp);Glucocorticoid receptor signaling pathway;"Hyperglycemia; Osteoporosis; Immunosuppression; Weight gain; Cushings features";1.5
DRUG_147;Fludrocortisone;H02AB;Corticosteroid;Glucocorticoid receptor;CYP3A4;P-glycoprotein (P-gp);Glucocorticoid receptor signaling pathway;"Hyperglycemia; Osteoporosis; Immunosuppression; Weight gain; Cushings features";3.5
DRUG_148;Betamethasone;H02AB;Corticosteroid;Glucocorticoid receptor;CYP3A4;P-glycoprotein (P-gp);Glucocorticoid receptor signaling pathway;"Hyperglycemia; Osteoporosis; Immunosuppression; Weight gain; Cushings features";40.0
DRUG_149;Triamcinolone;H02AB;Corticosteroid;Glucocorticoid receptor;CYP3A4;P-glycoprotein (P-gp);Glucocorticoid receptor signaling pathway;"Hyperglycemia; Osteoporosis; Immunosuppression; Weight gain; Cushings features";5.0
DRUG_150;Budesonide;H02AB;Corticosteroid;Glucocorticoid receptor;CYP3A4;P-glycoprotein (P-gp);Glucocorticoid receptor signaling pathway;"Hyperglycemia; Osteoporosis; Immunosuppression; Weight gain; Cushings features";2.0
DRUG_151;Albuterol;R03AC;Beta-2 Adrenergic Agonist;Beta-2 adrenergic receptor;Sulfotransferase (SULT);OCT1;Bronchodilation signaling pathway;"Tremor; Tachycardia; Hypokalemia; Palpitations";4.5
DRUG_152;Salmeterol;R03AC;Beta-2 Adrenergic Agonist;Beta-2 adrenergic receptor;Sulfotransferase (SULT);OCT1;Bronchodilation signaling pathway;"Tremor; Tachycardia; Hypokalemia; Palpitations";5.5
DRUG_153;Formoterol;R03AC;Beta-2 Adrenergic Agonist;Beta-2 adrenergic receptor;Sulfotransferase (SULT);OCT1;Bronchodilation signaling pathway;"Tremor; Tachycardia; Hypokalemia; Palpitations";10.0
DRUG_154;Levalbuterol;R03AC;Beta-2 Adrenergic Agonist;Beta-2 adrenergic receptor;Sulfotransferase (SULT);OCT1;Bronchodilation signaling pathway;"Tremor; Tachycardia; Hypokalemia; Palpitations";3.8
DRUG_155;Indacaterol;R03AC;Beta-2 Adrenergic Agonist;Beta-2 adrenergic receptor;Sulfotransferase (SULT);OCT1;Bronchodilation signaling pathway;"Tremor; Tachycardia; Hypokalemia; Palpitations";43.0
DRUG_156;Vilanterol;R03AC;Beta-2 Adrenergic Agonist;Beta-2 adrenergic receptor;Sulfotransferase (SULT);OCT1;Bronchodilation signaling pathway;"Tremor; Tachycardia; Hypokalemia; Palpitations";21.0
DRUG_157;Olodaterol;R03AC;Beta-2 Adrenergic Agonist;Beta-2 adrenergic receptor;Sulfotransferase (SULT);OCT1;Bronchodilation signaling pathway;"Tremor; Tachycardia; Hypokalemia; Palpitations";45.0
DRUG_158;Diazepam;N05BA;Benzodiazepine;GABA-A receptor (alpha-1/2/3/5 subunits);"CYP3A4; CYP2C19; UGT1A4";P-glycoprotein (P-gp);GABAergic neurotransmission pathway;"Sedation; Tolerance; Dependence; Respiratory depression; Anterograde amnesia";48.0
DRUG_159;Alprazolam;N05BA;Benzodiazepine;GABA-A receptor (alpha-1/2/3/5 subunits);"CYP3A4; CYP2C19; UGT1A4";P-glycoprotein (P-gp);GABAergic neurotransmission pathway;"Sedation; Tolerance; Dependence; Respiratory depression; Anterograde amnesia";12.0
DRUG_160;Lorazepam;N05BA;Benzodiazepine;GABA-A receptor (alpha-1/2/3/5 subunits);"CYP3A4; CYP2C19; UGT1A4";P-glycoprotein (P-gp);GABAergic neurotransmission pathway;"Sedation; Tolerance; Dependence; Respiratory depression; Anterograde amnesia";14.0
DRUG_161;Clonazepam;N05BA;Benzodiazepine;GABA-A receptor (alpha-1/2/3/5 subunits);"CYP3A4; CYP2C19; UGT1A4";P-glycoprotein (P-gp);GABAergic neurotransmission pathway;"Sedation; Tolerance; Dependence; Respiratory depression; Anterograde amnesia";30.0
DRUG_162;Midazolam;N05BA;Benzodiazepine;GABA-A receptor (alpha-1/2/3/5 subunits);"CYP3A4; CYP2C19; UGT1A4";P-glycoprotein (P-gp);GABAergic neurotransmission pathway;"Sedation; Tolerance; Dependence; Respiratory depression; Anterograde amnesia";2.5
DRUG_163;Temazepam;N05BA;Benzodiazepine;GABA-A receptor (alpha-1/2/3/5 subunits);"CYP3A4; CYP2C19; UGT1A4";P-glycoprotein (P-gp);GABAergic neurotransmission pathway;"Sedation; Tolerance; Dependence; Respiratory depression; Anterograde amnesia";11.0
DRUG_164;Triazolam;N05BA;Benzodiazepine;GABA-A receptor (alpha-1/2/3/5 subunits);"CYP3A4; CYP2C19; UGT1A4";P-glycoprotein (P-gp);GABAergic neurotransmission pathway;"Sedation; Tolerance; Dependence; Respiratory depression; Anterograde amnesia";2.0
DRUG_165;Chlordiazepoxide;N05BA;Benzodiazepine;GABA-A receptor (alpha-1/2/3/5 subunits);"CYP3A4; CYP2C19; UGT1A4";P-glycoprotein (P-gp);GABAergic neurotransmission pathway;"Sedation; Tolerance; Dependence; Respiratory depression; Anterograde amnesia";24.0
DRUG_166;Oxazepam;N05BA;Benzodiazepine;GABA-A receptor (alpha-1/2/3/5 subunits);"CYP3A4; CYP2C19; UGT1A4";P-glycoprotein (P-gp);GABAergic neurotransmission pathway;"Sedation; Tolerance; Dependence; Respiratory depression; Anterograde amnesia";8.0
DRUG_167;Amitriptyline;N06AA;Tricyclic Antidepressant;"Norepinephrine transporter (NET); Serotonin transporter (SERT); Muscarinic/Histamine receptors";"CYP2D6; CYP1A2";P-glycoprotein (P-gp);Monoaminergic neurotransmission pathway;"Anticholinergic effects; QTc prolongation; Orthostatic hypotension; Sedation; Weight gain";20.0
DRUG_168;Nortriptyline;N06AA;Tricyclic Antidepressant;"Norepinephrine transporter (NET); Serotonin transporter (SERT); Muscarinic/Histamine receptors";"CYP2D6; CYP1A2";P-glycoprotein (P-gp);Monoaminergic neurotransmission pathway;"Anticholinergic effects; QTc prolongation; Orthostatic hypotension; Sedation; Weight gain";30.0
DRUG_169;Imipramine;N06AA;Tricyclic Antidepressant;"Norepinephrine transporter (NET); Serotonin transporter (SERT); Muscarinic/Histamine receptors";"CYP2D6; CYP1A2";P-glycoprotein (P-gp);Monoaminergic neurotransmission pathway;"Anticholinergic effects; QTc prolongation; Orthostatic hypotension; Sedation; Weight gain";22.0
DRUG_170;Desipramine;N06AA;Tricyclic Antidepressant;"Norepinephrine transporter (NET); Serotonin transporter (SERT); Muscarinic/Histamine receptors";"CYP2D6; CYP1A2";P-glycoprotein (P-gp);Monoaminergic neurotransmission pathway;"Anticholinergic effects; QTc prolongation; Orthostatic hypotension; Sedation; Weight gain";18.0
DRUG_171;Clomipramine;N06AA;Tricyclic Antidepressant;"Norepinephrine transporter (NET); Serotonin transporter (SERT); Muscarinic/Histamine receptors";"CYP2D6; CYP1A2";P-glycoprotein (P-gp);Monoaminergic neurotransmission pathway;"Anticholinergic effects; QTc prolongation; Orthostatic hypotension; Sedation; Weight gain";32.0
DRUG_172;Doxepin;N06AA;Tricyclic Antidepressant;"Norepinephrine transporter (NET); Serotonin transporter (SERT); Muscarinic/Histamine receptors";"CYP2D6; CYP1A2";P-glycoprotein (P-gp);Monoaminergic neurotransmission pathway;"Anticholinergic effects; QTc prolongation; Orthostatic hypotension; Sedation; Weight gain";15.0
DRUG_173;Protriptyline;N06AA;Tricyclic Antidepressant;"Norepinephrine transporter (NET); Serotonin transporter (SERT); Muscarinic/Histamine receptors";"CYP2D6; CYP1A2";P-glycoprotein (P-gp);Monoaminergic neurotransmission pathway;"Anticholinergic effects; QTc prolongation; Orthostatic hypotension; Sedation; Weight gain";70.0
DRUG_174;Olanzapine;N05AH/N05AX;Atypical Antipsychotic;"Dopamine D2 receptor; Serotonin 5-HT2A receptor";"CYP2D6; CYP3A4; CYP1A2";P-glycoprotein (P-gp);Dopaminergic and serotonergic neurotransmission pathways;"Metabolic syndrome; Extrapyramidal symptoms; Hyperprolactinemia; QTc prolongation; Sedation";33.0
DRUG_175;Risperidone;N05AH/N05AX;Atypical Antipsychotic;"Dopamine D2 receptor; Serotonin 5-HT2A receptor";"CYP2D6; CYP3A4; CYP1A2";P-glycoprotein (P-gp);Dopaminergic and serotonergic neurotransmission pathways;"Metabolic syndrome; Extrapyramidal symptoms; Hyperprolactinemia; QTc prolongation; Sedation";20.0
DRUG_176;Quetiapine;N05AH/N05AX;Atypical Antipsychotic;"Dopamine D2 receptor; Serotonin 5-HT2A receptor";"CYP2D6; CYP3A4; CYP1A2";P-glycoprotein (P-gp);Dopaminergic and serotonergic neurotransmission pathways;"Metabolic syndrome; Extrapyramidal symptoms; Hyperprolactinemia; QTc prolongation; Sedation";7.0
DRUG_177;Aripiprazole;N05AH/N05AX;Atypical Antipsychotic;"Dopamine D2 receptor; Serotonin 5-HT2A receptor";"CYP2D6; CYP3A4; CYP1A2";P-glycoprotein (P-gp);Dopaminergic and serotonergic neurotransmission pathways;"Metabolic syndrome; Extrapyramidal symptoms; Hyperprolactinemia; QTc prolongation; Sedation";75.0
DRUG_178;Ziprasidone;N05AH/N05AX;Atypical Antipsychotic;"Dopamine D2 receptor; Serotonin 5-HT2A receptor";"CYP2D6; CYP3A4; CYP1A2";P-glycoprotein (P-gp);Dopaminergic and serotonergic neurotransmission pathways;"Metabolic syndrome; Extrapyramidal symptoms; Hyperprolactinemia; QTc prolongation; Sedation";7.0
DRUG_179;Clozapine;N05AH/N05AX;Atypical Antipsychotic;"Dopamine D2 receptor; Serotonin 5-HT2A receptor";"CYP2D6; CYP3A4; CYP1A2";P-glycoprotein (P-gp);Dopaminergic and serotonergic neurotransmission pathways;"Metabolic syndrome; Extrapyramidal symptoms; Hyperprolactinemia; QTc prolongation; Sedation";12.0
DRUG_180;Paliperidone;N05AH/N05AX;Atypical Antipsychotic;"Dopamine D2 receptor; Serotonin 5-HT2A receptor";"CYP2D6; CYP3A4; CYP1A2";P-glycoprotein (P-gp);Dopaminergic and serotonergic neurotransmission pathways;"Metabolic syndrome; Extrapyramidal symptoms; Hyperprolactinemia; QTc prolongation; Sedation";23.0
DRUG_181;Lurasidone;N05AH/N05AX;Atypical Antipsychotic;"Dopamine D2 receptor; Serotonin 5-HT2A receptor";"CYP2D6; CYP3A4; CYP1A2";P-glycoprotein (P-gp);Dopaminergic and serotonergic neurotransmission pathways;"Metabolic syndrome; Extrapyramidal symptoms; Hyperprolactinemia; QTc prolongation; Sedation";18.0
DRUG_182;Cariprazine;N05AH/N05AX;Atypical Antipsychotic;"Dopamine D2 receptor; Serotonin 5-HT2A receptor";"CYP2D6; CYP3A4; CYP1A2";P-glycoprotein (P-gp);Dopaminergic and serotonergic neurotransmission pathways;"Metabolic syndrome; Extrapyramidal symptoms; Hyperprolactinemia; QTc prolongation; Sedation";96.0
DRUG_183;Brexpiprazole;N05AH/N05AX;Atypical Antipsychotic;"Dopamine D2 receptor; Serotonin 5-HT2A receptor";"CYP2D6; CYP3A4; CYP1A2";P-glycoprotein (P-gp);Dopaminergic and serotonergic neurotransmission pathways;"Metabolic syndrome; Extrapyramidal symptoms; Hyperprolactinemia; QTc prolongation; Sedation";91.0
DRUG_184;Furosemide;C03CA/C03AA;Diuretic;"Na-K-2Cl cotransporter (NKCC2); Na-Cl cotransporter (NCC)";Not significantly metabolized;"OAT1; OAT3; OAT4";Renal electrolyte handling pathway;"Hypokalemia; Hyponatremia; Hyperuricemia; Dehydration; Ototoxicity (loops)";2.0
DRUG_185;Bumetanide;C03CA/C03AA;Diuretic;"Na-K-2Cl cotransporter (NKCC2); Na-Cl cotransporter (NCC)";Not significantly metabolized;"OAT1; OAT3; OAT4";Renal electrolyte handling pathway;"Hypokalemia; Hyponatremia; Hyperuricemia; Dehydration; Ototoxicity (loops)";1.2
DRUG_186;Torsemide;C03CA/C03AA;Diuretic;"Na-K-2Cl cotransporter (NKCC2); Na-Cl cotransporter (NCC)";Not significantly metabolized;"OAT1; OAT3; OAT4";Renal electrolyte handling pathway;"Hypokalemia; Hyponatremia; Hyperuricemia; Dehydration; Ototoxicity (loops)";3.5
DRUG_187;Hydrochlorothiazide;C03CA/C03AA;Diuretic;"Na-K-2Cl cotransporter (NKCC2); Na-Cl cotransporter (NCC)";Not significantly metabolized;"OAT1; OAT3; OAT4";Renal electrolyte handling pathway;"Hypokalemia; Hyponatremia; Hyperuricemia; Dehydration; Ototoxicity (loops)";10.0
DRUG_188;Chlorthalidone;C03CA/C03AA;Diuretic;"Na-K-2Cl cotransporter (NKCC2); Na-Cl cotransporter (NCC)";Not significantly metabolized;"OAT1; OAT3; OAT4";Renal electrolyte handling pathway;"Hypokalemia; Hyponatremia; Hyperuricemia; Dehydration; Ototoxicity (loops)";50.0
DRUG_189;Indapamide;C03CA/C03AA;Diuretic;"Na-K-2Cl cotransporter (NKCC2); Na-Cl cotransporter (NCC)";Not significantly metabolized;"OAT1; OAT3; OAT4";Renal electrolyte handling pathway;"Hypokalemia; Hyponatremia; Hyperuricemia; Dehydration; Ototoxicity (loops)";14.0
DRUG_190;Metolazone;C03CA/C03AA;Diuretic;"Na-K-2Cl cotransporter (NKCC2); Na-Cl cotransporter (NCC)";Not significantly metabolized;"OAT1; OAT3; OAT4";Renal electrolyte handling pathway;"Hypokalemia; Hyponatremia; Hyperuricemia; Dehydration; Ototoxicity (loops)";14.0
DRUG_191;Sitagliptin;A10BH;DPP-4 Inhibitor;Dipeptidyl peptidase 4 (DPP-4);CYP3A4 (sitagliptin/saxagliptin);P-glycoprotein (P-gp);Incretin hormone pathway;"Nasopharyngitis; Headache; Pancreatitis risk; Joint pain";12.0
DRUG_192;Saxagliptin;A10BH;DPP-4 Inhibitor;Dipeptidyl peptidase 4 (DPP-4);CYP3A4 (sitagliptin/saxagliptin);P-glycoprotein (P-gp);Incretin hormone pathway;"Nasopharyngitis; Headache; Pancreatitis risk; Joint pain";2.5
DRUG_193;Linagliptin;A10BH;DPP-4 Inhibitor;Dipeptidyl peptidase 4 (DPP-4);CYP3A4 (sitagliptin/saxagliptin);P-glycoprotein (P-gp);Incretin hormone pathway;"Nasopharyngitis; Headache; Pancreatitis risk; Joint pain";120.0
DRUG_194;Alogliptin;A10BH;DPP-4 Inhibitor;Dipeptidyl peptidase 4 (DPP-4);CYP3A4 (sitagliptin/saxagliptin);P-glycoprotein (P-gp);Incretin hormone pathway;"Nasopharyngitis; Headache; Pancreatitis risk; Joint pain";21.0
DRUG_195;Vildagliptin;A10BH;DPP-4 Inhibitor;Dipeptidyl peptidase 4 (DPP-4);CYP3A4 (sitagliptin/saxagliptin);P-glycoprotein (P-gp);Incretin hormone pathway;"Nasopharyngitis; Headache; Pancreatitis risk; Joint pain";1.5
DRUG_196;Exenatide;A10BJ;GLP-1 Receptor Agonist;GLP-1 receptor;Proteolytic degradation (endopeptidases);Not fully characterized (large peptides);Incretin mimetic pathway;"Nausea; Vomiting; Diarrhea; Pancreatitis; Thyroid C-cell tumor risk";2.4
DRUG_197;Liraglutide;A10BJ;GLP-1 Receptor Agonist;GLP-1 receptor;Proteolytic degradation (endopeptidases);Not fully characterized (large peptides);Incretin mimetic pathway;"Nausea; Vomiting; Diarrhea; Pancreatitis; Thyroid C-cell tumor risk";13.0
DRUG_198;Dulaglutide;A10BJ;GLP-1 Receptor Agonist;GLP-1 receptor;Proteolytic degradation (endopeptidases);Not fully characterized (large peptides);Incretin mimetic pathway;"Nausea; Vomiting; Diarrhea; Pancreatitis; Thyroid C-cell tumor risk";120.0
DRUG_199;Semaglutide;A10BJ;GLP-1 Receptor Agonist;GLP-1 receptor;Proteolytic degradation (endopeptidases);Not fully characterized (large peptides);Incretin mimetic pathway;"Nausea; Vomiting; Diarrhea; Pancreatitis; Thyroid C-cell tumor risk";168.0
DRUG_200;Lixisenatide;A10BJ;GLP-1 Receptor Agonist;GLP-1 receptor;Proteolytic degradation (endopeptidases);Not fully characterized (large peptides);Incretin mimetic pathway;"Nausea; Vomiting; Diarrhea; Pancreatitis; Thyroid C-cell tumor risk";3.0
